ÝLÇE ADI;MAHALLE ADI;SULANABÝLÝR ALANDA YETÝÞTÝRÝLEN ÜRÜNLER
Ahýrlý;ALÝÇERÇÝ;YOK
Ahýrlý;BADEMLÝ;YOK
Ahýrlý;BALIKLAVA;ELMA, KÝRAZ, VÝÞNE, ÇÝLEK, ERÝK
Ahýrlý;BÜYÜKÖZ;BUÐDAY, ARPA
Ahýrlý;ÇÝFTLÝK;FASULYE
Ahýrlý;ERDOÐAN;ELMA, KÝRAZ, ÜZÜM, DOMATES, BÝBER, PATLICAN, PATATES
Ahýrlý;KARACAKUYU;BUÐDAY, DOMATES, PATLICAN, PATATES
Ahýrlý;KAYACIK;MISIR, ELMA, FASULYE
Ahýrlý;KURUÇAY;DOMATES, PATATES
Ahýrlý;KÜÇÜKÖZ;ELMA, ERÝK
Akören;AVDAN;DOMATES, BÝBER, PATLICAN, PATATES, SOÐAN
Akören;KAYASU;ELMA, KÝRAZ, ÇÝLEK, FASULYE, DOMATES, BÝBER, PATLICAN, PATATES
Akören;AHMEDÝYE;ÞEKER PANCARI, MISIR, AYÇÝÇEÐÝ, FASULYE
Akören;ALAN;YOK
Akören;BELKUYU;ELMA, KÝRAZ
Akören;ÇATÖREN;ÞEKER PANCARI, MISIR, FASULYE, PATATES
Akören;DUTLU;YOK
Akören;ORHANÝYE;ÞEKER PANCARI, MISIR, FASULYE, PATATES
Akören;SÜLEYMANÝYE;BUÐDAY, ÞEKER PANCARI, MISIR, FASULYE, KAVUN, KARPUZ
Akören;TÜLCE;DOMATES, PATLICAN, PATATES, SOÐAN
Akören;KARAHÜYÜK;MISIR, YONCA, PATATES
Akþehir;ÇAKILLAR;KÝRAZ, VÝÞNE, ÇÝLEK
Akþehir;GEDÝL;BUÐDAY, FASULYE, HAÞHAÞ, DOMATES, SARIMSAK
Akþehir;KARAHÜYÜK;BUÐDAY, ÞEKER PANCARI, MISIR, DOMATES, SALATALIK
Akþehir;ADSIZ;ÞEKER PANCARI, VÝÞNE, HAÞHAÞ
Akþehir;ALANYURT;KÝRAZ, VÝÞNE, ÇÝLEK
Akþehir;ALTUNTAÞ;ÞEKER PANCARI, MISIR, HAÞHAÞ
Akþehir;ATAKENT;ELMA, KÝRAZ, VÝÞNE, ÇÝLEK
Akþehir;BOZLAÐAN;HAÞHAÞ, DOMATES, BÝBER, PATLICAN, PATATES
Akþehir;CANKURTARAN;ÇÝLEK
Akþehir;ÇAMLI;MISIR, VÝÞNE, ERÝK
Akþehir;ÇÝMENDERE;ÞEKER PANCARI, ÇÝLEK, PATATES
Akþehir;DEÐÝRMENKÖY;KÝRAZ, VÝÞNE
Akþehir;DOÐRUGÖZ;KÝRAZ, VÝÞNE, ÇÝLEK, ERÝK
Akþehir;ENGÝLÝ;KÝRAZ, VÝÞNE, ÜZÜM, DOMATES, BÝBER, PATLICAN, PATATES
Akþehir;GÖLÇAYIR;ELMA, KÝRAZ, VÝÞNE
Akþehir;GÖZPINARI;ÞEKER PANCARI, MISIR, HAÞHAÞ
Akþehir;ILICAK;KÝRAZ, VÝÞNE, ÇÝLEK, DOMATES, BÝBER, PATLICAN, PATATES, SOÐAN, SARIMSAK
Akþehir;KARABULUT;BÝBER, PATLICAN, SALATALIK
Akþehir;ORTACA;DOMATES, PATLICAN, PATATES, SOÐAN
Akþehir;ORTAKÖY;ÞEKER PANCARI
Akþehir;REÝS;MISIR, DOMATES, BÝBER, PATLICAN, PATATES
Akþehir;SAVAÞ;KÝRAZ, VÝÞNE, PATATES, SARIMSAK
Akþehir;SORKUN;KÝRAZ, VÝÞNE, ÇÝLEK
Akþehir;SÖÐÜTLÜ;BUÐDAY, ARPA, ÞEKER PANCARI, HAÞHAÞ
Akþehir;TEKKE;YOK
Akþehir;TÝPÝKÖY;MISIR, YONCA, ASPÝR, HAÞHAÞ
Akþehir;ULUPINAR;KÝRAZ, VÝÞNE
Akþehir;ÜÇHÜYÜK;KÝRAZ, ÇÝLEK
Akþehir;YAÞARLAR;ÞEKER PANCARI, MISIR, HAÞHAÞ
Akþehir;YAYLABELEN;MISIR, YONCA, FASULYE
Akþehir;YAZLA;ÞEKER PANCARI, MISIR, YONCA, HAÞHAÞ
Akþehir;YENÝKÖY;KÝRAZ, VÝÞNE, ÇÝLEK
Akþehir;YEÞÝLKÖY;ÞEKER PANCARI, MISIR, FASULYE, DOMATES, BÝBER, PATLICAN, PATATES
Akþehir;SARAY;KÝRAZ, VÝÞNE, DOMATES
Altýnekin;OÐUZELÝ;ÞEKER PANCARI, MISIR, AYÇÝÇEÐÝ
Altýnekin;AKCAÞAR;ÞEKER PANCARI, MISIR, AYÇÝÇEÐÝ, ÇEREZLÝK KABAK
Altýnekin;AYIÞIÐI;YOK
Altýnekin;AKKÖY;BUÐDAY, ÞEKER PANCARI, AYÇÝÇEÐÝ
Altýnekin;BORUKKUYU;ÞEKER PANCARI, MISIR, AYÇÝÇEÐÝ, KAVUN, KARPUZ
Altýnekin;HACINUMAN;ÞEKER PANCARI, MISIR, AYÇÝÇEÐÝ, FASULYE
Altýnekin;KARAKAYA;DOMATES, BÝBER, PATLICAN, PATATES
Altýnekin;KOÇAÞ;ÞEKER PANCARI, AYÇÝÇEÐÝ
Altýnekin;KOÇYAKA;ÞEKER PANCARI, MISIR, AYÇÝÇEÐÝ
Altýnekin;MANTAR;BUÐDAY, ARPA, ÞEKER PANCARI
Altýnekin;YENÝÖLMEZ;BUÐDAY, ARPA, ÞEKER PANCARI, MISIR, AYÇÝÇEÐÝ
Altýnekin;SARNIÇ;ÞEKER PANCARI, MISIR, AYÇÝÇEÐÝ, FASULYE
Altýnekin;TOPRAKLIK;ÞEKER PANCARI, AYÇÝÇEÐÝ
Altýnekin;YENÝKUYU;ÞEKER PANCARI, MISIR, AYÇÝÇEÐÝ, PATATES
Altýnekin;YENÝYAYLA;ÞEKER PANCARI, MISIR, AYÇÝÇEÐÝ, FASULYE
Altýnekin;DEDELER;ÞEKER PANCARI, MISIR, AYÇÝÇEÐÝ, FASULYE
Altýnekin;AKINCILAR;ÞEKER PANCARI, MISIR, AYÇÝÇEÐÝ
Beyþehir;ADAKÖY;FASULYE
Beyþehir;AÐILÖNÜ;ELMA, ÇÝLEK, DOMATES, BÝBER, PATLICAN, PATATES
Beyþehir;AKBURUN;ÞEKER PANCARI
Beyþehir;AKÇABELEN;ÇÝLEK, FASULYE, DOMATES, BÝBER, PATLICAN, PATATES
Beyþehir;AVDANCIK;ÞEKER PANCARI, PATATES
Beyþehir;BADEMLÝ;YOK
Beyþehir;BAYAT;ÞEKER PANCARI, PATATES
Beyþehir;BAYAVÞAR;ÞEKER PANCARI, DOMATES, BÝBER, PATLICAN, PATATES
Beyþehir;BAYINDIR;ÞEKER PANCARI, ELMA, DOMATES, BÝBER, PATLICAN, PATATES
Beyþehir;BAÞGÖZE;BUÐDAY, ARPA, YONCA, PATATES
Beyþehir;BEKDEMÝR;ÞEKER PANCARI, DOMATES, BÝBER, PATATES, SOÐAN, SARIMSAK
Beyþehir;DAMLAPINAR;ÞEKER PANCARI, ELMA, KÝRAZ, ÇÝLEK, DOMATES, BÝBER, PATLICAN, PATATES
Beyþehir;DOÐANBEY;BUÐDAY, ÞEKER PANCARI, YONCA
Beyþehir;DOÐANCIK;HAÞHAÞ
Beyþehir;DUMANLI;FASULYE, DOMATES, PATATES, SOÐAN
Beyþehir;EMEN;ÞEKER PANCARI, MISIR, DOMATES, BÝBER, PATLICAN, PATATES, SOÐAN
Beyþehir;ESENCE;ÞEKER PANCARI
Beyþehir;EYLÝKLER;ÞEKER PANCARI
Beyþehir;EÐÝRLER;BUÐDAY, ARPA, YONCA
Beyþehir;FASILLAR;ÞEKER PANCARI, FASULYE
Beyþehir;GÖKÇEKUYU;MISIR, YONCA, FASULYE, PATATES
Beyþehir;GÖKÇÝMEN;YONCA, DOMATES, BÝBER, PATLICAN, PATATES
Beyþehir;GÖLKAÞI;ÞEKER PANCARI, MISIR
Beyþehir;GÖLYAKA;ELMA, KÝRAZ
Beyþehir;GÖNEN;BUÐDAY, ARPA, MERCÝMEK
Beyþehir;GÖÇÜ;ÞEKER PANCARI, FASULYE, DOMATES, BÝBER, PATATES
Beyþehir;GÜNDOÐDU;ÞEKER PANCARI, FASULYE
Beyþehir;HUÐLU;CEVÝZ, FASULYE, DOMATES, BÝBER, PATLICAN, PATATES
Beyþehir;HÜSEYÝNLER;MISIR, KÝRAZ
Beyþehir;ÝSAKÖY;BUÐDAY, ÞEKER PANCARI, MISIR, DOMATES, BÝBER, PATLICAN, PATATES
Beyþehir;KARAALÝ;BUÐDAY, ARPA
Beyþehir;KARABAYAT;ÞEKER PANCARI
Beyþehir;KARADÝKEN;ÞEKER PANCARI, FASULYE, KAVUN, KARPUZ, DOMATES, BÝBER
Beyþehir;KARAHÝSAR;ÞEKER PANCARI, MISIR, KÝRAZ, ÇÝLEK, FASULYE, DOMATES, BÝBER, PATLICAN, PATATES
Beyþehir;KAYABAÞI;DOMATES, BÝBER, PATLICAN, PATATES
Beyþehir;KURUCUOVA;DOMATES, BÝBER, PATLICAN, PATATES, SOÐAN, SARIMSAK
Beyþehir;KUÞLUCA;ÞEKER PANCARI
Beyþehir;KÜÇÜKAVÞAR;ELMA, KÝRAZ, ÇÝLEK, DOMATES, BÝBER, PATLICAN, PATATES
Beyþehir;MESUTLAR;DOMATES, BÝBER, PATLICAN, PATATES, SOÐAN, SARIMSAK
Beyþehir;SADIKHACI;ÞEKER PANCARI, MISIR
Beyþehir;SARIKÖY;ÞEKER PANCARI, PATATES, SOÐAN
Beyþehir;SEVÝNDÝK;CEVÝZ, PATATES
Beyþehir;ÞAMLAR;DOMATES, BÝBER, PATLICAN, PATATES, SOÐAN, SARIMSAK
Beyþehir;ÜÇPINAR;ÞEKER PANCARI, DOMATES, BÝBER, PATLICAN, PATATES
Beyþehir;ÜSTÜNLER;YONCA, FASULYE, DOMATES, BÝBER, PATLICAN, PATATES, SOÐAN, SARIMSAK
Beyþehir;ÜZÜMLÜ;ÜZÜM, DOMATES, BÝBER, PATLICAN, PATATES, SOÐAN
Beyþehir;YAZYURDU;DOMATES, BÝBER, PATLICAN, PATATES
Beyþehir;YENÝDOÐAN;BUÐDAY, ARPA, ÞEKER PANCARI
Beyþehir;YEÞÝLDAÐ;FASULYE, DOMATES, BÝBER, PATLICAN, PATATES, SOÐAN
Beyþehir;YUKARIESENCE;ÞEKER PANCARI
Beyþehir;YUNUSLAR;MISIR, ELMA, CEVÝZ, DOMATES, BÝBER, PATLICAN, PATATES
Beyþehir;ÇÝFTLÝK;ÞEKER PANCARI, PATATES
Beyþehir;ÇÝVRÝL;ÞEKER PANCARI, ÜZÜM, DOMATES, PATATES
Beyþehir;ÇUKURAÐIL;ÞEKER PANCARI, MISIR, FASULYE, DOMATES, BÝBER, PATLICAN, PATATES
Bozkýr;ÇAÐLAYAN;ELMA, KÝRAZ, VÝÞNE, ÜZÜM
Bozkýr;HAMZALAR;ELMA, KÝRAZ, ÜZÜM, ÇÝLEK
Bozkýr;AKÇAPINAR;BUÐDAY, ARPA, NOHUT, ELMA, KÝRAZ, DOMATES, BÝBER, PATATES
Bozkýr;ARMUTLU;ÇÝLEK, PATATES
Bozkýr;ARSLANTAÞ;PATATES
Bozkýr;AYDINKIÞLA;DOMATES, PATATES
Bozkýr;AYVALCA;ELMA, KÝRAZ, DOMATES, PATATES
Bozkýr;BAÐYURDU;ELMA, KÝRAZ, ARMUT
Bozkýr;BAYBAÐAN;DOMATES, BÝBER, PATATES, SARIMSAK, MARUL
Bozkýr;BOZDAM;ELMA
Bozkýr;DEREÝÇÝ;KÝRAZ, ÜZÜM
Bozkýr;DEREKÖY;ELMA, PATATES
Bozkýr;ELMAAÐAÇ;YOK
Bozkýr;HACILAR;ELMA, KÝRAZ
Bozkýr;HACIYUNUSLAR;PATATES
Bozkýr;HARMANPINAR;ELMA, KÝRAZ
Bozkýr;HÝSARLIK;ÜZÜM
Bozkýr;IÞIKLAR;ELMA, KÝRAZ, PATATES, SOÐAN
Bozkýr;KARABAYIR;FASULYE, PATATES
Bozkýr;KARACAARDIÇ;ELMA, MERCÝMEK
Bozkýr;KARACAHÝSAR;PATATES
Bozkýr;KARAYAHYA;YOK
Bozkýr;KAYACILAR;KAVUN, KARPUZ
Bozkýr;KAYAPINAR;ÜZÜM, PATATES
Bozkýr;KINIK;ELMA, ÜZÜM
Bozkýr;KIZILÇAKIR;YOK
Bozkýr;KÝLDERE;BUÐDAY, NOHUT, MERCÝMEK
Bozkýr;KOVANLIK;ELMA, DOMATES, PATATES
Bozkýr;KOZAÐAÇ;ELMA, KÝRAZ, ERÝK, CEVÝZ
Bozkýr;KUÞÇA;BUÐDAY, ARPA, NOHUT
Bozkýr;KÜÇÜKHÝSARLIK;ELMA, KÝRAZ, ÜZÜM, DOMATES, PATLICAN
Bozkýr;PINARCIK;KÝRAZ, ÇÝLEK, DOMATES, BÝBER, PATATES
Bozkýr;SARIOÐLAN;BUÐDAY, ARPA, NOHUT
Bozkýr;SAZLI;ELMA, KÝRAZ
Bozkýr;SOÐUCAK;KÝRAZ, ÇÝLEK, PATATES
Bozkýr;SORKUN;FASULYE, PATATES
Bozkýr;SÖÐÜT;ELMA, PATATES
Bozkýr;TARLABAÞI;FASULYE, DOMATES, PATATES
Bozkýr;TAÞBAÞI;YOK
Bozkýr;TEPEARASI;ELMA, KÝRAZ, DOMATES, PATATES
Bozkýr;TEPELÝCE;BUÐDAY, ARPA, NOHUT
Bozkýr;ULUPINAR;KÝRAZ, DOMATES, PATATES
Bozkýr;ÜÇPINAR;ELMA, PATATES
Bozkýr;YALNIZCA;PATATES
Bozkýr;YAZDAMI;ELMA, KÝRAZ, ÜZÜM, FASULYE, DOMATES, BÝBER, PATLICAN, PATATES
Bozkýr;YELBEYÝ;ELMA, KÝRAZ, ÜZÜM
Bozkýr;YENÝKÖY;KÝRAZ, ÜZÜM
Bozkýr;YOLÖREN;ELMA, ERÝK, DOMATES, SALATALIK
Çeltik;GÖKPINAR;ÞEKER PANCARI, AYÇÝÇEÐÝ, SOÐAN
Çeltik;ADAKASIM;ÞEKER PANCARI, MISIR, AYÇÝÇEÐÝ, REZENE
Çeltik;DOÐANYURT;ÞEKER PANCARI, MISIR, AYÇÝÇEÐÝ
Çeltik;KAÞÖREN;ÞEKER PANCARI, MISIR, AYÇÝÇEÐÝ, KANOLA
Çeltik;KÜÇÜKHASAN;ÞEKER PANCARI, MISIR, AYÇÝÇEÐÝ, PATATES
Çeltik;TORUNLAR;ÞEKER PANCARI, MISIR, AYÇÝÇEÐÝ, KAVUN, KARPUZ
Çeltik;ÝSHAKUÞAÐI;ÞEKER PANCARI, MISIR, AYÇÝÇEÐÝ, REZENE
Çeltik;HONAMLI;ÞEKER PANCARI, MISIR, AYÇÝÇEÐÝ, FASULYE
Cihanbeyli;BÖÐRÜDELÝK;ÞEKER PANCARI, MISIR, AYÇÝÇEÐÝ, FASULYE
Cihanbeyli;YAPALI;ÞEKER PANCARI, AYÇÝÇEÐÝ
Cihanbeyli;YENÝCEOBA;ÞEKER PANCARI
Cihanbeyli;CUMHURÝYET;YOK
Cihanbeyli;GEMECÝK;ÞEKER PANCARI, MISIR
Cihanbeyli;GÖKTEPE;YOK
Cihanbeyli;AÐABEYLÝ;ÞEKER PANCARI, MISIR, AYÇÝÇEÐÝ
Cihanbeyli;HODOÐLU;YOK
Cihanbeyli;KAYI;ÞEKER PANCARI, MISIR
Cihanbeyli;KIRKIÞLA;ÞEKER PANCARI, MISIR, AYÇÝÇEÐÝ
Cihanbeyli;KORKMAZLAR;BUÐDAY, ARPA
Cihanbeyli;KÜÇÜKBEÞKAVAK;BUÐDAY, ARPA
Cihanbeyli;MUTLUKONAK;BUÐDAY, ARPA, ELMA, KÝRAZ, VÝÞNE, ÜZÜM
Cihanbeyli;SAÐLIK;YOK
Cihanbeyli;SIÐIRCIK;BUÐDAY, ARPA, AYÇÝÇEÐÝ
Cihanbeyli;TURANLAR;YOK
Cihanbeyli;TÜFEKÇÝPINAR;ÞEKER PANCARI, AYÇÝÇEÐÝ, FASULYE
Cihanbeyli;UZUNCAYAYLA;MISIR, AYÇÝÇEÐÝ
Cihanbeyli;YÜNLÜKUYU;YOK
Cihanbeyli;ZAFERÝYE;ÞEKER PANCARI, MISIR, AYÇÝÇEÐÝ, PATATES
Cihanbeyli;GÖLYAZI;ÞEKER PANCARI, MISIR
Cihanbeyli;GÜNYÜZÜ;ÞEKER PANCARI, AYÇÝÇEÐÝ
Cihanbeyli;ÝNSUYU;ÞEKER PANCARI, MISIR, AYÇÝÇEÐÝ
Cihanbeyli;KANDÝL;BUÐDAY, ARPA, NOHUT, MERCÝMEK, KÝMYON
Cihanbeyli;KARABAÐ;YOK
Cihanbeyli;KELHASAN;AYÇÝÇEÐÝ, YONCA
Cihanbeyli;KUÞCA;ÞEKER PANCARI, MISIR
Cihanbeyli;KÜTÜKUÞAÐI;ÞEKER PANCARI, MISIR, AYÇÝÇEÐÝ, KAVUN, KARPUZ
Cihanbeyli;TAÞPINAR;ÞEKER PANCARI, MISIR, AYÇÝÇEÐÝ
Cihanbeyli;BEYLÝOVA;MISIR, AYÇÝÇEÐÝ, PATATES
Cihanbeyli;ÇÝMEN;ÞEKER PANCARI
Cihanbeyli;ÇÖL;ÞEKER PANCARI, MISIR
Cihanbeyli;DAMLAKUYU;YOK
Cihanbeyli;BULDUK;YOK
Cihanbeyli;BÜYÜKBEÞKAVAK;YOK
Cihanbeyli;KARATEPE;YOK
Çumra;ARIKÖREN;ÞEKER PANCARI, MISIR
Çumra;DEDEMOÐLU;ÞEKER PANCARI, MISIR
Çumra;TÜRKMENCAMÝLÝ;ÞEKER PANCARI, MISIR
Çumra;A.B.HÜYÜÐÜ;ÞEKER PANCARI, MISIR, AYÇÝÇEÐÝ, FASULYE
Çumra;DÝNEK;ÞEKER PANCARI, MISIR, FASULYE
Çumra;ÝÇERÝÇUMRA;ÞEKER PANCARI, MISIR, AYÇÝÇEÐÝ, FASULYE
Çumra;GÜVERCÝNLÝK;ÞEKER PANCARI, MISIR, AYÇÝÇEÐÝ, DOMATES
Çumra;KARKIN;ÞEKER PANCARI, MISIR, AYÇÝÇEÐÝ, KAVUN
Çumra;OKÇU;ÞEKER PANCARI, MISIR, AYÇÝÇEÐÝ
Çumra;YENÝSU;ÞEKER PANCARI, MISIR, KAVUN, KARPUZ
Çumra;APA;BUÐDAY, ÞEKER PANCARI, MISIR, FASULYE
Çumra;ABDÝTOLU;BUÐDAY, ÞEKER PANCARI, MISIR, AYÇÝÇEÐÝ
Çumra;ADAKALE;ÞEKER PANCARI, MISIR, YONCA
Çumra;ALEMDAR;ÞEKER PANCARI, MISIR, FASULYE
Çumra;APASARAYCIK;MISIR, FASULYE
Çumra;AFÞAR;YOK
Çumra;AVDUL;ÞEKER PANCARI, MISIR, FASULYE
Çumra;BALÇIKHÝSAR;ÞEKER PANCARI, MISIR, FASULYE, KAVUN, KARPUZ
Çumra;BEYLERCE;BUÐDAY, ÞEKER PANCARI, MISIR, FASULYE
Çumra;B.AÞLAMA;MISIR, AYÇÝÇEÐÝ
Çumra;CÝCEK;BUÐDAY, ARPA, FASULYE, DOMATES
Çumra;ÇUKURKAVAK;BUÐDAY, ARPA
Çumra;DÝNLENDÝK;ÞEKER PANCARI, MISIR
Çumra;DÝNEKSARAY;ÞEKER PANCARI, FASULYE, KAVUN, KARPUZ
Çumra;DOÐANLI;ÞEKER PANCARI, MISIR, FASULYE
Çumra;FETHÝYE;MISIR, FASULYE
Çumra;GÖKHÜYÜK;ÞEKER PANCARI, MISIR, YONCA
Çumra;ERENTEPE;ÞEKER PANCARI, MISIR, AYÇÝÇEÐÝ, FASULYE
Çumra;ÝNLÝ;ÞEKER PANCARI, MISIR
Çumra;KUZUCU;ÞEKER PANCARI, MISIR, AYÇÝÇEÐÝ, PATATES
Çumra;KÜÇÜKKÖY;ÞEKER PANCARI, MISIR, AYÇÝÇEÐÝ
Çumra;SEÇME;ÞEKER PANCARI, MISIR, AYÇÝÇEÐÝ, FASULYE, KAVUN
Çumra;SÜRGÜÇ;ÞEKER PANCARI, MISIR, AYÇÝÇEÐÝ
Çumra;TAHTALI;BUÐDAY, ARPA
Çumra;T.KARAHÜYÜK;ÞEKER PANCARI, MISIR, AYÇÝÇEÐÝ
Çumra;TAÞAÐIL;ÞEKER PANCARI, MISIR, AYÇÝÇEÐÝ
Çumra;UZUNKUYU;ÞEKER PANCARI, MISIR, AYÇÝÇEÐÝ
Çumra;ÜÇHÜYÜK;BUÐDAY, ÞEKER PANCARI, MISIR
Çumra;ÜRÜNLÜ;ÞEKER PANCARI, MISIR
Çumra;YÖRÜKCAMÝLÝ;BUÐDAY, ARPA, ÞEKER PANCARI, MISIR
Çumra;ÇAYBAÞI;ÞEKER PANCARI, MISIR, FASULYE, ÇEREZLÝK KABAK
Derbent;ÇÝFTLÝKÖZÜ;ÞEKER PANCARI, MISIR, FASULYE
Derbent;DEÐÝÞ;YOK
Derbent;TEKKE;BUÐDAY, ARPA
Derbent;GÜNEYKÖY;ELMA, KÝRAZ, VÝÞNE, ERÝK
Derbent;MÜLAYÝM;YOK
Derbent;SARAYPINAR;ELMA, KÝRAZ, VÝÞNE
Derbent;YASSIÖREN;BUÐDAY, ARPA, FASULYE
Derbent;SÜLEYMAN;BUÐDAY, ARPA, ÞEKER PANCARI, MISIR
Derbent;KARALAR;ÇÝLEK, YONCA, FASULYE
Derebucak;ÇAMLIK;ELMA, DOMATES, PATATES
Derebucak;DURAK;YOK
Derebucak;GENCEK;ÇÝLEK, FASULYE, PATATES
Derebucak;GÖYNEM;ÇÝLEK, FASULYE
Derebucak;PINARBAÞI;ÇÝLEK, FASULYE
Derebucak;TAÞLIPINAR;FASULYE, DOMATES, BÝBER
Derebucak;TEPEARASI;KÝRAZ, DOMATES
Derebucak;UÐURLU;FASULYE, DOMATES, BÝBER
Doðanhisar;BAÞKÖY;ELMA, VÝÞNE, ÇÝLEK
Doðanhisar;YAZLICA;ÞEKER PANCARI, ÇÝLEK, FASULYE, PATATES
Doðanhisar;AYASLAR;KÝRAZ, VÝÞNE, ÇÝLEK
Doðanhisar;ÇINAROBA;AYÇÝÇEÐÝ, KÝRAZ, VÝÞNE, ÇÝLEK, FASULYE
Doðanhisar;DEÞTÝÐÝN;ÇÝLEK, FASULYE
Doðanhisar;FIRINLI;KÝRAZ, VÝÞNE, ÇÝLEK, CEVÝZ, FASULYE, DOMATES, BÝBER, PATLICAN, PATATES
Doðanhisar;GÜVENDÝK;VÝÞNE, ÇÝLEK
Doðanhisar;ÝLYASLAR;KÝRAZ, VÝÞNE, FASULYE, DOMATES, BÝBER, PATLICAN, PATATES, SOÐAN
Doðanhisar;KARAAÐA;ÞEKER PANCARI
Doðanhisar;KEMER;YOK
Doðanhisar;KOÇAÞ;BUÐDAY, ARPA, NOHUT
Doðanhisar;KONAKKALE;VÝÞNE, ÇÝLEK, DOMATES, PATATES
Doðanhisar;TEKKE;ELMA, KÝRAZ, VÝÞNE, FASULYE
Doðanhisar;UNCULAR;MISIR, ÇÝLEK, YONCA, FASULYE, DOMATES, BÝBER, PATLICAN, PATATES
Doðanhisar;YAZIR;FASULYE
Doðanhisar;YENÝCE;ÞEKER PANCARI, MISIR, ÇÝLEK, FASULYE
Emirgazi;EKÝZLÝ;ÜZÜM
Emirgazi;AKMESCÝT;MISIR
Emirgazi;BESCÝ;ÞEKER PANCARI, MISIR, YONCA
Emirgazi;DEMÝRCÝ;MISIR, YONCA, FASULYE, DOMATES, BÝBER, PATLICAN, PATATES
Emirgazi;GÖLÖREN;BUÐDAY, ARPA
Emirgazi;IÞIKLAR;MISIR
Emirgazi;KARAÖREN;DOMATES, BÝBER, PATATES, SOÐAN
Emirgazi;MEÞELÝ;BUÐDAY, MISIR
Emirgazi;ÖBEKTAÞ;YOK
Emirgazi;YAMAÇ;MISIR, YONCA
Ereðli;ZENGEN;ÞEKER PANCARI, MISIR, AYÇÝÇEÐÝ, YONCA
Ereðli;ACIPINAR;ÞEKER PANCARI, MISIR, AYÇÝÇEÐÝ
Ereðli;ADABAÐ;ÞEKER PANCARI, YONCA
Ereðli;AKHÜYÜK;MISIR, AYÇÝÇEÐÝ, YONCA
Ereðli;ALHAN;ÞEKER PANCARI, MISIR, YONCA
Ereðli;AÞAÐI GÖNDELEN;ÞEKER PANCARI, MISIR, YONCA
Ereðli;AÞIKLAR;ÞEKER PANCARI, MISIR, YONCA
Ereðli;AZÝZÝYE;ÞEKER PANCARI, MISIR, KAVUN, KARPUZ, DOMATES
Ereðli;BAHÇELÝ;ÞEKER PANCARI, MISIR, AYÇÝÇEÐÝ
Ereðli;BELCEAÐAÇ;ÞEKER PANCARI, MISIR
Ereðli;BELKAYA;ÞEKER PANCARI, MISIR, AYÇÝÇEÐÝ, YONCA
Ereðli;BEYKÖY;ÞEKER PANCARI, MISIR, AYÇÝÇEÐÝ
Ereðli;BEYÖREN;ÞEKER PANCARI, MISIR, YONCA, SÝYAH HAVUÇ
Ereðli;BULGURLUK;ÞEKER PANCARI, AYÇÝÇEÐÝ, ELMA, FASULYE, KAVUN, KARPUZ
Ereðli;BURHANÝYE;MISIR, AYÇÝÇEÐÝ, DOMATES
Ereðli;BÜYÜKDEDE;BUÐDAY, MISIR, ELMA, KÝRAZ, VÝÞNE, ERÝK, DOMATES, PATATES
Ereðli;ÇAKMAK;BUÐDAY, MISIR
Ereðli;ÇAYHAN;ÞEKER PANCARI, MISIR
Ereðli;ÇÝLLER;ÞEKER PANCARI, MISIR, KAVUN, KARPUZ, DOMATES, BÝBER
Ereðli;ÇÝMENCÝK;BUÐDAY, MISIR
Ereðli;GAYBÝ;MISIR, NOHUT, KÝRAZ, FASULYE
Ereðli;GÖKÇEYAZI;MISIR, KÝRAZ, YONCA
Ereðli;GÖKTÖME;ÞEKER PANCARI, MISIR, AYÇÝÇEÐÝ
Ereðli;HACIMEMÝÞ;ÞEKER PANCARI, MISIR, KÝRAZ, DOMATES
Ereðli;KAMIÞLIKUYU;ARPA, ÞEKER PANCARI, MISIR
Ereðli;KARABURUN;BUÐDAY, ARPA, MISIR
Ereðli;KARGACI;ÞEKER PANCARI, MISIR
Ereðli;KIZILGEDÝK;YOK
Ereðli;KUSKUNCUK;BUÐDAY, ÞEKER PANCARI, MISIR, AYÇÝÇEÐÝ, ELMA
Ereðli;KUTÖREN;ELMA, KAVUN, DOMATES, PATATES
Ereðli;KUZUKUYU;ÞEKER PANCARI, MISIR, AYÇÝÇEÐÝ, SÝYAH HAVUÇ
Ereðli;MELÝCEK;BUÐDAY, ARPA, ÞEKER PANCARI, MISIR, YONCA
Ereðli;ORHANÝYE;ÞEKER PANCARI, MISIR, KÝRAZ
Ereðli;ÖZGÜRLER;BUÐDAY, ÞEKER PANCARI, MISIR
Ereðli;PINARÖZÜ;ÞEKER PANCARI, MISIR, DOMATES
Ereðli;SARICA;MISIR, KÝRAZ, YONCA
Ereðli;SARITOPALLI;MISIR, YONCA, DOMATES
Ereðli;SELVÝLÝ;BUÐDAY, ARPA, ÞEKER PANCARI, YONCA
Ereðli;TAÞAÐIL;ÞEKER PANCARI, MISIR, AYÇÝÇEÐÝ
Ereðli;TAÞBUDAK;MISIR, FASULYE, DOMATES
Ereðli;TATLIKUYU;ÞEKER PANCARI, MISIR, AYÇÝÇEÐÝ
Ereðli;TÜRKMEN;ÞEKER PANCARI, MISIR, AYÇÝÇEÐÝ
Ereðli;ULUMEÞE;MISIR, YONCA, FASULYE
Ereðli;YAZLIK;MISIR, KÝRAZ, VÝÞNE, ÜZÜM
Ereðli;YELLÝCE;MISIR
Ereðli;YENÝKÖY;ÞEKER PANCARI, MISIR, ELMA, KAVUN, KARPUZ, DOMATES, BÝBER
Ereðli;YILDIZLI;ELMA, KÝRAZ, ERÝK, KAYISI
Ereðli;YUKARIGÖNDELEN;ÞEKER PANCARI, MISIR, AYÇÝÇEÐÝ, KAVUN, KARPUZ
Ereðli;HORTU;ÞEKER PANCARI, MISIR, DOMATES, SÝYAH HAVUÇ
Ereðli;ACIKUYU;ÞEKER PANCARI, MISIR, AYÇÝÇEÐÝ, YONCA, KAVUN, KARPUZ, DOMATES
Güneysýnýr;GÜRAÐAÇ;YOK
Güneysýnýr;AÐAÇOBA;MISIR, NOHUT, FASULYE, PATATES
Güneysýnýr;ALANÖZÜ;BUÐDAY, ARPA, DOMATES, BÝBER, PATLICAN, PATATES
Güneysýnýr;AVCITEPE;BUÐDAY, NOHUT, ÜZÜM
Güneysýnýr;AYDOÐMUÞ;YOK
Güneysýnýr;HABÝLLER;KÝRAZ, ÜZÜM, ÞEFTALÝ
Güneysýnýr;KARAGÜNEY;BUÐDAY, ARPA, NOHUT, FASULYE
Güneysýnýr;KAYAAÐZI;BUÐDAY, ARPA, MISIR, NOHUT, FASULYE, PATATES
Güneysýnýr;KIZILÖZ;ELMA, FASULYE
Güneysýnýr;KURUKAVAK;BUÐDAY, ARPA, ELMA, DOMATES
Güneysýnýr;MEHMET ALÝ;MISIR, NOHUT, PATATES
Güneysýnýr;ÖMEROÐLU;BUÐDAY, ELMA, KÝRAZ, ÜZÜM
Güneysýnýr;ÖRENBOYALI;FASULYE, PATATES
Güneysýnýr;SARIHACI;KÝRAZ, ÜZÜM, ÇÝLEK
Hadim;AÞAÐIEÞENLER;KÝRAZ, ÜZÜM
Hadim;AÞAÐIKIZILKAYA;BUÐDAY, KÝRAZ, SARIMSAK
Hadim;BADEMLÝ;ELMA, KÝRAZ, ÜZÜM
Hadim;BAÐBAÞI;ELMA, KÝRAZ, DOMATES, BÝBER, PATLICAN, PATATES, SOÐAN, SARIMSAK
Hadim;BEYRELÝ;ELMA, KÝRAZ, FASULYE, DOMATES
Hadim;BOLAT;ELMA, KÝRAZ, ÜZÜM
Hadim;ÇÝFTEPINAR;ELMA, KÝRAZ, ÜZÜM, ARMUT, ÞEFTALÝ
Hadim;DEDEMLÝ;ELMA, KÝRAZ, ÜZÜM, DOMATES, BÝBER, PATLICAN, PATATES
Hadim;DÜLGERLER;AYÇÝÇEÐÝ, ELMA, KÝRAZ, ÜZÜM, SARIMSAK
Hadim;FAKILAR;KÝRAZ
Hadim;GAZÝLER;ELMA, KÝRAZ, ÜZÜM
Hadim;GÖYNÜKKIÞLA;ELMA, KÝRAZ, ÜZÜM, DOMATES, BÝBER, PATATES, SARIMSAK
Hadim;GÜLPINAR;KÝRAZ, DOMATES, BÝBER, PATATES
Hadim;ÝÐDEÖREN;YOK
Hadim;KALINAÐIL;ELMA, KÝRAZ, ÜZÜM, DOMATES, BÝBER, PATATES
Hadim;KAPLANLI;ELMA, KÝRAZ, ÜZÜM, ARMUT
Hadim;GEZLEVÝ;KÝRAZ, DOMATES, BÝBER, PATLICAN, PATATES
Hadim;KÜPLÜCE;ELMA, KÝRAZ, ÜZÜM
Hadim;ODUNCU;FASULYE, DOMATES, BÝBER, PATATES
Hadim;SARNIÇ;KÝRAZ
Hadim;SELAHATTÝN;ELMA, KÝRAZ, ÜZÜM
Hadim;UMURLAR;ELMA, KÝRAZ
Hadim;YAÐCI;ELMA, KÝRAZ, ÜZÜM
Hadim;YALINÇEVRE;KÝRAZ, ÜZÜM, FASULYE, PATATES
Hadim;YELMEZ;ELMA, KÝRAZ, ÜZÜM, ÞEFTALÝ
Hadim;YENÝKONAK;KÝRAZ, ÜZÜM, CEVÝZ
Hadim;YUKARIEÞENLER;KÝRAZ, ÜZÜM
Halkapýnar;ÝVRÝZ;ELMA, KÝRAZ, VÝÞNE
Halkapýnar;BÜYÜKDOÐAN;KÝRAZ, ÜZÜM, CEVÝZ
Halkapýnar;DEDELÝ;ELMA, KÝRAZ, CEVÝZ
Halkapýnar;DELÝMAHMUTLU;ELMA, KÝRAZ, CEVÝZ
Halkapýnar;ESKÝHÝSAR;ELMA, KÝRAZ, CEVÝZ
Halkapýnar;KARAYUSUFLU;ELMA, KÝRAZ, FASULYE
Halkapýnar;KAYASARAY;ELMA, KÝRAZ, ÜZÜM
Halkapýnar;KÖRLÜ;KÝRAZ, VÝÞNE, ÜZÜM, CEVÝZ, DOMATES, SALATALIK
Halkapýnar;KÜSERE;KÝRAZ, VÝÞNE, ERÝK, CEVÝZ
Halkapýnar;OSMANKÖSELÝ;ELMA, KÝRAZ, CEVÝZ
Halkapýnar;SEYDÝFAKILI;MISIR, KÝRAZ, YONCA
Halkapýnar;YASSIKAYA;KÝRAZ, FASULYE, DOMATES, PATATES
Halkapýnar;YAYIKLI;ELMA, KÝRAZ, CEVÝZ, FASULYE, DOMATES
Halkapýnar;YEÞÝLYURT;MISIR, ELMA, KÝRAZ, YONCA, CEVÝZ, DOMATES
Halkapýnar;ÇAKILLAR;ELMA, KÝRAZ, ÇÝLEK
Hüyük;BAÞLAMIÞ;KÝRAZ, ÇÝLEK, FASULYE, DOMATES, PATATES, SALATALIK
Hüyük;BUDAK;ÞEKER PANCARI, KÝRAZ, VÝÞNE, ÇÝLEK, DOMATES, PATATES, ÞEFTALÝ
Hüyük;BURUNSUZ;ÜZÜM, ÇÝLEK, CEVÝZ
Hüyük;ÇAMLICA;ELMA, KÝRAZ, ERÝK
Hüyük;ÇAVUÞ;ELMA, ÇÝLEK, CEVÝZ, DOMATES, BÝBER, PATATES
Hüyük;ÇUKURKENT;MISIR, KÝRAZ, ÇÝLEK, YONCA
Hüyük;DEÐÝRMENALTI;ÇÝLEK
Hüyük;GÖÇERÝ;ÇÝLEK, FASULYE, DOMATES, BÝBER, PATATES
Hüyük;GÖRÜNMEZ;BUÐDAY, ÞEKER PANCARI, ÇÝLEK, CEVÝZ, DOMATES, BÝBER, SOÐAN
Hüyük;ÝLMEN;KÝRAZ, VÝÞNE, ÇÝLEK
Hüyük;ÝMRENLER;ÞEKER PANCARI, ÇÝLEK
Hüyük;KIRELÝ;ÞEKER PANCARI, ELMA, KÝRAZ, CEVÝZ
Hüyük;KÖÞK;ÞEKER PANCARI
Hüyük;MUTLU;ÇÝLEK
Hüyük;PINARBAÞI;KÝRAZ, VÝÞNE, YONCA, FASULYE, DOMATES
Hüyük;SELKÝ;ÞEKER PANCARI, MISIR, YONCA
Hüyük;SULUDERE;ELMA, KÝRAZ, ÇÝLEK, ARMUT
Hüyük;TOLCA;ARPA, ÞEKER PANCARI
Hüyük;YENÝCE;ÞEKER PANCARI, MISIR, ELMA, KÝRAZ, ÇÝLEK
Ilgýn;ARGITHANI;ÞEKER PANCARI, HAÞHAÞ
Ilgýn;BEYKONAK;ÞEKER PANCARI, MISIR, HAÞHAÞ
Ilgýn;ÇAVUÞÇUGÖL;ÞEKER PANCARI, AYÇÝÇEÐÝ, ELMA, KÝRAZ, YONCA, FASULYE, DOMATES, BÝBER, PATLICAN, PATATES
Ilgýn;AÐALAR;ÞEKER PANCARI, MISIR, YONCA
Ilgýn;BALKI;YONCA
Ilgýn;BARAKMUSLU;YOK
Ilgýn;BELEKLER;NOHUT, YULAF, PATATES
Ilgýn;BOÐAZKENT;ÞEKER PANCARI, ELMA, FASULYE
Ilgýn;BULCUK;ÞEKER PANCARI, ELMA, VÝÞNE, CEVÝZ
Ilgýn;BÜYÜKOBA;ÞEKER PANCARI, YONCA
Ilgýn;ÇÝÐÝL;ÞEKER PANCARI, NOHUT, PATLICAN, PATATES, SOÐAN
Ilgýn;ÇATAK;YOK
Ilgýn;ÇOBANKAYA;YOK
Ilgýn;ÇÖMLEKCÝ;YOK
Ilgýn;DEREKÖY;YOK
Ilgýn;DIÐRAK;YOK
Ilgýn;DÜÐER;BUÐDAY, ARPA, MISIR
Ilgýn;ELDEÞ;BUÐDAY, ARPA, ÞEKER PANCARI
Ilgýn;GEÇÝT;ÞEKER PANCARI, MISIR
Ilgýn;GEDÝKÖREN;ÞEKER PANCARI, MISIR
Ilgýn;GÖSTERE;ÞEKER PANCARI, AYÇÝÇEÐÝ, NOHUT, PATATES
Ilgýn;GÖKÇEYURT;ELMA, KÝRAZ, HAÞHAÞ
Ilgýn;GÖLYAKA;BUÐDAY, ARPA
Ilgýn;GÖKBUDAK;ÞEKER PANCARI, ÇÝLEK, YONCA
Ilgýn;GÜNEYPINAR;KÝRAZ, YONCA, DOMATES
Ilgýn;HARMANYAZI;ÞEKER PANCARI, MISIR
Ilgýn;ÝHSANÝYE;ÞEKER PANCARI, HAÞHAÞ
Ilgýn;KAPAKLI;BUÐDAY, ÞEKER PANCARI, MISIR
Ilgýn;KARAKÖY;ÞEKER PANCARI, HAÞHAÞ
Ilgýn;KALEKÖY;BUÐDAY, MISIR, NOHUT
Ilgýn;MAHMUTHÝSAR;ÞEKER PANCARI, MISIR
Ilgýn;MECÝDÝYE;ÞEKER PANCARI, MISIR, FASULYE
Ilgýn;MÝSAFÝRLÝ;MISIR, YONCA
Ilgýn;OLUKPINAR;MISIR, YONCA
Ilgýn;ORHANÝYE;ÞEKER PANCARI, MISIR, YONCA
Ilgýn;ORMANÖZÜ;AYÇÝÇEÐÝ, FASULYE
Ilgýn;SADIKKÖY;ARPA, ÞEKER PANCARI, MISIR, HAÞHAÞ
Ilgýn;SEBÝLLER;HAÞHAÞ
Ilgýn;TEKELER;YOK
Ilgýn;YUKARIÇÝÐÝL;ÞEKER PANCARI, MISIR, YONCA
Ilgýn;YORAZLAR;ÞEKER PANCARI, MISIR, YONCA
Ilgýn;ZAFERÝYE;ÞEKER PANCARI, YONCA, HAÞHAÞ
Ilgýn;AVDAN;YONCA, BÝBER
Kadýnhaný;OSMANCIK;MISIR, YONCA
Kadýnhaný;AFÞARLI;BUÐDAY, ARPA, ÞEKER PANCARI
Kadýnhaný;ALABAÐ;YONCA, DOMATES, BÝBER, PATLICAN
Kadýnhaný;ATLANTI;MISIR, AYÇÝÇEÐÝ
Kadýnhaný;BAKIRPINAR;BUÐDAY, ÞEKER PANCARI, FASULYE
Kadýnhaný;BAÞKUYU;ÞEKER PANCARI, MISIR, AYÇÝÇEÐÝ
Kadýnhaný;BAYRAMLI;ÞEKER PANCARI, FASULYE
Kadýnhaný;BEYKAVAÐI;KÝRAZ, VÝÞNE, ÇÝLEK, FASULYE
Kadýnhaný;BULGURPINAR;BUÐDAY, ARPA
Kadýnhaný;ÇAVDAR;ÞEKER PANCARI, MISIR
Kadýnhaný;ÇEÞMECÝK;YOK
Kadýnhaný;ÇUBUK;YOK
Kadýnhaný;DEMÝROLUK;BUÐDAY, ARPA, ELMA
Kadýnhaný;HACIMEHMETLÝ;BUÐDAY, ÞEKER PANCARI, AYÇÝÇEÐÝ
Kadýnhaný;HACIOFLAZLAR;BUÐDAY, ARPA, YONCA
Kadýnhaný;HACIPÝRLÝ;ÞEKER PANCARI, AYÇÝÇEÐÝ, FASULYE
Kadýnhaný;KABACALI;YOK
Kadýnhaný;KAMIÞLIÖZÜ;BUÐDAY, ÞEKER PANCARI, MISIR, AYÇÝÇEÐÝ
Kadýnhaný;KARAHÝSARLI;ÞEKER PANCARI, MISIR, AYÇÝÇEÐÝ, FASULYE
Kadýnhaný;KARAKURTLU;ÞEKER PANCARI, MISIR, AYÇÝÇEÐÝ
Kadýnhaný;KARASEVÝNÇ;YOK
Kadýnhaný;KARAYÜRÜKLÜ;ÞEKER PANCARI, YONCA, FASULYE
Kadýnhaný;KIZILKUYU;BUÐDAY, ARPA
Kadýnhaný;KOLUKISA;MISIR, AYÇÝÇEÐÝ
Kadýnhaný;KONURÖREN;ÞEKER PANCARI, MISIR, AYÇÝÇEÐÝ
Kadýnhaný;KÖKEZ;ÞEKER PANCARI, FASULYE
Kadýnhaný;KÖYLÜTOLU;BUÐDAY, ARPA, YONCA
Kadýnhaný;KURTHASANLI;ÞEKER PANCARI
Kadýnhaný;KÜÇÜKKUYU;ÞEKER PANCARI, MISIR, FASULYE
Kadýnhaný;MAHMUDÝYE;ÞEKER PANCARI, MISIR, AYÇÝÇEÐÝ
Kadýnhaný;MEYDANLI;ÞEKER PANCARI, MISIR, AYÇÝÇEÐÝ, YONCA
Kadýnhaný;ÖRNEK;MERCÝMEK
Kadýnhaný;PÝRALÝ;YOK
Kadýnhaný;PUSAT;ÞEKER PANCARI, MISIR, AYÇÝÇEÐÝ
Kadýnhaný;SAÇIKARA;ÞEKER PANCARI, MISIR, AYÇÝÇEÐÝ, BÝBER, SOÐAN
Kadýnhaný;SARIKAYA;YOK
Kadýnhaný;SÖÐÜTÖZÜ;MISIR, AYÇÝÇEÐÝ, YONCA
Kadýnhaný;ÞAHÖREN;MISIR, YONCA, FASULYE
Kadýnhaný;TOSUNOÐLU;BUÐDAY, ÞEKER PANCARI
Kadýnhaný;YAÐLICA;YOK
Kadýnhaný;YAYLAYAKA;ÞEKER PANCARI, NOHUT, FASULYE
Karapýnar;HOTAMIÞ;BUÐDAY, ÞEKER PANCARI, MISIR, AYÇÝÇEÐÝ
Karapýnar;KESMEZ;KAVUN, KARPUZ
Karapýnar;AKÇAYAZI;YOK
Karapýnar;AKÖREN;BUÐDAY, ÞEKER PANCARI, MISIR, YONCA, DOMATES, HAVUÇ
Karapýnar;ÇÝÐÝL;ÞEKER PANCARI, MISIR, AYÇÝÇEÐÝ, PATATES
Karapýnar;HASANOBA;BUÐDAY, ÞEKER PANCARI, MISIR, AYÇÝÇEÐÝ
Karapýnar;ÝSLÝK;BUÐDAY, ÞEKER PANCARI, MISIR, AYÇÝÇEÐÝ
Karapýnar;KARAKIÞLA;ÞEKER PANCARI, MISIR, AYÇÝÇEÐÝ, PATATES
Karapýnar;KAYACIK;BUÐDAY, ARPA, ÞEKER PANCARI, MISIR, AYÇÝÇEÐÝ
Karapýnar;KAYALI;ÞEKER PANCARI, MISIR, YONCA
Karapýnar;KAZANHÜYÜÐÜ;ÞEKER PANCARI, MISIR, AYÇÝÇEÐÝ, YONCA
Karapýnar;KÜÇÜKAÞLAMA;ÞEKER PANCARI, MISIR, AYÇÝÇEÐÝ
Karapýnar;ORTAOBA;ÞEKER PANCARI, MISIR, AYÇÝÇEÐÝ
Karapýnar;OYMALI;DOMATES
Karapýnar;SAZLIPINAR;ÞEKER PANCARI, MISIR, AYÇÝÇEÐÝ
Karapýnar;YAÐMAPINAR;DOMATES, BÝBER
Karapýnar;YENÝKUYU;BUÐDAY, ÞEKER PANCARI, MISIR
Karapýnar;YEÞÝLYURT;ARPA, ÞEKER PANCARI, MISIR, YONCA, SARIMSAK
Karatay;YARMA;BUÐDAY, ÞEKER PANCARI, MISIR, AYÇÝÇEÐÝ
Karatay;ACIDORT;BUÐDAY, ARPA, AYÇÝÇEÐÝ, YONCA
Karatay;AÐSAKLI;ÞEKER PANCARI, MISIR, AYÇÝÇEÐÝ
Karatay;AKBAÞ;ÞEKER PANCARI, MISIR, AYÇÝÇEÐÝ
Karatay;AKÖRENKIÞLA;ÞEKER PANCARI, MISIR, AYÇÝÇEÐÝ, PATATES
Karatay;BAKIRTOLU;BUÐDAY, ARPA, ÞEKER PANCARI, MISIR, AYÇÝÇEÐÝ, YONCA
Karatay;BAÞGÖTÜREN;ÞEKER PANCARI, MISIR, AYÇÝÇEÐÝ
Karatay;BEÞAÐIL;ÞEKER PANCARI, MISIR, AYÇÝÇEÐÝ
Karatay;BÜYÜKBURNAK;ÞEKER PANCARI, MISIR, AYÇÝÇEÐÝ
Karatay;ÇENGÝLTÝ;ÞEKER PANCARI, MISIR, AYÇÝÇEÐÝ, YONCA
Karatay;DÝVANLAR;YOK
Karatay;ESENTEPE;ÞEKER PANCARI, MISIR, AYÇÝÇEÐÝ
Karatay;GÖÇÜ;ÞEKER PANCARI, MISIR, AYÇÝÇEÐÝ
Karatay;HAYIROÐLU MERKEZ;ÞEKER PANCARI, MISIR, AYÇÝÇEÐÝ
Karatay;ÝPEKLER;ÞEKER PANCARI, MISIR, AYÇÝÇEÐÝ
Karatay;ÝSMÝL;BUÐDAY, ARPA, ÞEKER PANCARI, MISIR, AYÇÝÇEÐÝ
Karatay;KARADONA;ÞEKER PANCARI, MISIR, AYÇÝÇEÐÝ
Karatay;KARAKAYA;YOK
Karatay;KATRANCI;ÞEKER PANCARI, MISIR, AYÇÝÇEÐÝ
Karatay;KIZÖREN;ÞEKER PANCARI, MISIR, AYÇÝÇEÐÝ
Karatay;KÖSEALÝ;ÞEKER PANCARI, MISIR, AYÇÝÇEÐÝ
Karatay;OBRUK;BUÐDAY, ÞEKER PANCARI, MISIR, AYÇÝÇEÐÝ
Karatay;OVAKAVAÐI;ÞEKER PANCARI, MISIR, AYÇÝÇEÐÝ
Karatay;SAKYATAN;BUÐDAY, MISIR, YONCA
Karatay;SÜRÜÇ;ÞEKER PANCARI, MISIR, AYÇÝÇEÐÝ
Karatay;ÞATIR;ÞEKER PANCARI, MISIR, AYÇÝÇEÐÝ
Karatay;YAÐLIBAYAT;BUÐDAY, ÞEKER PANCARI, AYÇÝÇEÐÝ
Karatay;YAVÞANKUYU;ÞEKER PANCARI, MISIR, AYÇÝÇEÐÝ
Karatay;YENÝCE;ÞEKER PANCARI, MISIR, AYÇÝÇEÐÝ
Karatay;YENÝKENT;ÞEKER PANCARI, MISIR, AYÇÝÇEÐÝ, YONCA
Karatay;ZÝNCÝRLÝ;BUÐDAY, ARPA, MISIR, AYÇÝÇEÐÝ, YONCA
Kulu;ACIKUYU;YOK
Kulu;AÐILBAÞI;NOHUT, KANOLA
Kulu;ALTILAR;NOHUT, FASULYE
Kulu;ARÞINCA;NOHUT, MERCÝMEK, KÝMYON
Kulu;BEÞKARDEÞ;YOK
Kulu;BOÐAZÖREN;YOK
Kulu;BOZAN;MERCÝMEK, KÝMYON
Kulu;BURUNAÐIL;FASULYE, KÝMYON
Kulu;CANIMANA;YULAF, KÝMYON
Kulu;CELEP;ÞEKER PANCARI, KÝMYON
Kulu;DÝPDEDE;YOK
Kulu;DOÐUTEPE;NOHUT, KÝMYON
Kulu;FEVZÝYE;ÞEKER PANCARI, NOHUT, KÝMYON
Kulu;GÖKLER;YOK
Kulu;GÜZELYAYLA;ÞEKER PANCARI, FASULYE
Kulu;HÝSAR;YOK
Kulu;KARACADAÐ;NOHUT, MERCÝMEK
Kulu;KARACADERE;YOK
Kulu;KIRKKUYU;YOK
Kulu;KIRKPINAR;YOK
Kulu;KOZANLI;ÞEKER PANCARI, MISIR, AYÇÝÇEÐÝ
Kulu;KÖMÜÞÝNÝ;YOK
Kulu;KÖÞKER;YOK
Kulu;SARIYAYLA;ÞEKER PANCARI, FASULYE
Kulu;SEYÝTAHMETLÝ;BUÐDAY, ARPA, NOHUT
Kulu;SOÐUKKUYU;BUÐDAY, NOHUT
Kulu;ÞEREFLÝ;MERCÝMEK
Kulu;TAVLIÖREN;NOHUT, MERCÝMEK
Kulu;ÖMERANLI;KÝMYON
Kulu;TUZYAKA;BUÐDAY, ÞEKER PANCARI, MERCÝMEK
Kulu;YARAÞLI;YOK
Kulu;YAZIÇAYIR;YOK
Kulu;YEÞÝLTEPE;KÝMYON
Kulu;YEÞÝLYURT;BUÐDAY, MERCÝMEK
Kulu;ZÝNCÝRLÝKUYU;BUÐDAY, ÞEKER PANCARI
Kulu;BAHADIRLI;ÞEKER PANCARI, MISIR, AYÇÝÇEÐÝ
Kulu;DEÐÝRMENÖZÜ;MISIR, YONCA
Meram;ERENKAYA;YOK
Meram;YATAÐAN;DOMATES, BÝBER, PATLICAN, PATATES
Meram;GÖKYURT;ELMA, ÜZÜM, PATATES, SOÐAN
Meram;BAYAT;BUÐDAY, NOHUT
Meram;BORUKTOLU;BUÐDAY, ÞEKER PANCARI, MISIR
Meram;BOTSA;BUÐDAY, ÞEKER PANCARI, MISIR
Meram;ÇAYIRBAÐI;ELMA, KÝRAZ, VÝÞNE, ERÝK, FASULYE, DOMATES, BÝBER, PATLICAN, PATATES
Meram;ÇOMAKLAR;ELMA, KÝRAZ, ÜZÜM, FASULYE, PATATES
Meram;ÇUKURÇÝMEN;KÝRAZ, PATATES, SOÐAN
Meram;EVLÝYATEKKE;BUÐDAY, ARPA, ELMA, ÇÝLEK
Meram;HATUNSARAY;ÞEKER PANCARI, MISIR, FASULYE, DOMATES, BÝBER
Meram;ÝKÝPINAR;FASULYE, PATATES
Meram;ÝLYASBABA;YONCA, DOMATES, BÝBER, PATATES
Meram;ÝNLÝCE;DOMATES, BÝBER, PATATES
Meram;KARAAÐAÇ;YOK
Meram;KAVAK;ÞEKER PANCARI, MISIR, NOHUT, FASULYE
Meram;KAYADÝBÝ;ÞEKER PANCARI, MISIR, PATATES
Meram;KAYALI;NOHUT, ELMA, KÝRAZ
Meram;KAYHÜYÜK;DOMATES, BÝBER, PATLICAN, PATATES
Meram;KIZILÖREN;ÇÝLEK, FASULYE, DOMATES, BÝBER, PATATES
Meram;KUMRALI;ÇÝLEK, DOMATES, BÝBER, PATLICAN, PATATES
Meram;SADIKLAR;ELMA, KÝRAZ, ÇÝLEK, DOMATES, BÝBER, PATATES
Meram;SAÐLIK;MISIR, ÇÝLEK, PATATES
Meram;SARIKIZ;YOK
Meram;SEFAKÖY;BUÐDAY, ÇÝLEK, FASULYE
Meram;YEÞÝLDERE;DOMATES, BÝBER, PATLICAN, PATATES
Meram;YEÞÝLTEKKE;KÝRAZ, FASULYE, PATATES, SOÐAN
Meram;KAÞINHANI;ÞEKER PANCARI, DOMATES, HAVUÇ, PIRASA, MARUL, LAHANA
Sarayönü;LADÝK;BUÐDAY, ARPA, MISIR
Sarayönü;BAHÇESARAY;BUÐDAY, ARPA
Sarayönü;BAÞHÜYÜK;ÞEKER PANCARI, MISIR, AYÇÝÇEÐÝ, PATATES
Sarayönü;BOYALI;BUÐDAY, ARPA
Sarayönü;BÜYÜKZENGÝ;ÞEKER PANCARI, MISIR, ELMA, FASULYE
Sarayönü;ÇEÞMELÝSEBÝL;BUÐDAY, ARPA, MISIR, AYÇÝÇEÐÝ
Sarayönü;DEÐÝRMENLÝ;BUÐDAY, ÞEKER PANCARI, FASULYE
Sarayönü;ERTUÐRUL;ÞEKER PANCARI, MISIR, DOMATES
Sarayönü;GÖZLÜ;ÞEKER PANCARI, MISIR, FASULYE
Sarayönü;KADIOÐLU;BUÐDAY, ARPA
Sarayönü;KARABIYIK;YOK
Sarayönü;KARATEPE;ÞEKER PANCARI, MISIR, FASULYE, PATATES
Sarayönü;KAYIÖREN;MISIR, NOHUT, FASULYE
Sarayönü;KONAR;BUÐDAY, ARPA
Sarayönü;KURÞUNLU;YOK
Sarayönü;KUYULUSEBÝL;ÞEKER PANCARI, MISIR, AYÇÝÇEÐÝ, FASULYE
Sarayönü;ÖZKENT;ÞEKER PANCARI, MISIR, AYÇÝÇEÐÝ
Sarayönü;YENÝCEKAYA;MISIR, FASULYE
Selçuklu;BAÞARAKAVAK;NOHUT, DOMATES, BÝBER, PATLICAN, PATATES, SOÐAN
Selçuklu;hasan;
Selçuklu;SARAYKÖY;YOK
Selçuklu;SULUTAS;YOK
Selçuklu;TATKÖY;BUÐDAY, ARPA
Selçuklu;AKPINAR;BUÐDAY, ARPA
Selçuklu;BAÐRIKURT;YOK
Selçuklu;BÝÇER;YOK
Selçuklu;ÇALDERE;BUÐDAY, ARPA, FASULYE
Selçuklu;ÇALTI;ÞEKER PANCARI, MISIR, AYÇÝÇEÐÝ
Selçuklu;ÇANDIR;YOK
Selçuklu;DAÐDERE;YONCA
Selçuklu;EÐRÝBAYAT;ÞEKER PANCARI, MISIR, AYÇÝÇEÐÝ, YONCA
Selçuklu;GÜVENÇ;ÞEKER PANCARI, MISIR, AYÇÝÇEÐÝ
Selçuklu;KALE;ÞEKER PANCARI
Selçuklu;KARAÖMERLER;ÞEKER PANCARI, AYÇÝÇEÐÝ
Selçuklu;KERVAN;YOK
Selçuklu;KINIK;YOK
Selçuklu;KIZILCAKUYU;YOK
Selçuklu;MEYDAN;YOK
Selçuklu;SELAHATTÝN;FASULYE, DOMATES, BÝBER, PATATES
Selçuklu;SIZMA;BUÐDAY, ARPA, NOHUT
Selçuklu;TEPEKENT;ÇÝLEK
Selçuklu;ULUMUHSÝNE;BUÐDAY, ARPA
Selçuklu;YAZIBELEN;ÞEKER PANCARI, MISIR, FASULYE
Selçuklu;SÝLLE;ELMA, KÝRAZ, ÜZÜM, DOMATES, BÝBER, PATLICAN, PATATES
Selçuklu;ARDIÇLI;ELMA, KÝRAZ, DOMATES, BÝBER, PATLICAN, PATATES, SOÐAN
Selçuklu;AÞAÐIPINARBAÞI;ÞEKER PANCARI, AYÇÝÇEÐÝ, FASULYE
Selçuklu;YUKARIPINARBAÞI;ÞEKER PANCARI, MISIR
Selçuklu;KÜÇÜKMUHSÝNE;ELMA, FASULYE, KABAK, DOMATES, PATATES
Selçuklu;SARICALAR;BUÐDAY, ARPA, ÞEKER PANCARI, AYÇÝÇEÐÝ, YONCA
Selçuklu;TÖMEK;AYÇÝÇEÐÝ, YONCA
Selçuklu;YÜKSELEN;ELMA, KÝRAZ, ÜZÜM, DOMATES, BÝBER, PATATES
Selçuklu;Mehmet Fatih;
Seydiþehir;KESECÝK;ARPA, ÞEKER PANCARI, DOMATES, PATATES, ÇEREZLÝK KABAK
Seydiþehir;AKÇALAR;ÞEKER PANCARI, FASULYE, PATATES, ÇEREZLÝK KABAK
Seydiþehir;AÞAÐIKARAÖREN;ÞEKER PANCARI, AYÇÝÇEÐÝ
Seydiþehir;BAÞKARAÖREN;ÞEKER PANCARI, MISIR, AYÇÝÇEÐÝ
Seydiþehir;BOSTANDERE;BUÐDAY, ÞEKER PANCARI, DOMATES, BÝBER
Seydiþehir;BOYALI;ÞEKER PANCARI, ÇEREZLÝK KABAK
Seydiþehir;BÜKÇE;FASULYE, PATATES
Seydiþehir;ÇAT;FASULYE, DOMATES
Seydiþehir;ÇATMAKAYA;ÇÝLEK, FASULYE, DOMATES, PATATES
Seydiþehir;ÇAVUÞ;BUÐDAY, ARPA, ELMA, ÇÝLEK
Seydiþehir;DÝKÝLÝTAÞ;BUÐDAY, ÇÝLEK, PATATES
Seydiþehir;GEVREKLÝ;ÞEKER PANCARI, PATATES, ÇEREZLÝK KABAK
Seydiþehir;GÖKÇEHÜYÜK;ÞEKER PANCARI, ÇEREZLÝK KABAK
Seydiþehir;GÖKHÜYÜK;BUÐDAY, ÞEKER PANCARI, MISIR, ÇEREZLÝK KABAK
Seydiþehir;GÖLYÜZÜ;ÞEKER PANCARI, FASULYE
Seydiþehir;IRMAKLI;ÞEKER PANCARI, PATATES, ÇEREZLÝK KABAK
Seydiþehir;ÝNCESU;ÞEKER PANCARI
Seydiþehir;KARABULAK;BUÐDAY, ÞEKER PANCARI
Seydiþehir;KARACAÖREN;FASULYE, PATATES
Seydiþehir;KAVAK;DOMATES, PATATES, SOÐAN
Seydiþehir;KETENLÝ;KÝRAZ, VÝÞNE, ÇÝLEK
Seydiþehir;KIZILCA;FASULYE, DOMATES
Seydiþehir;KOZLU;FASULYE, DOMATES, PATATES
Seydiþehir;KUMLUCA;ÞEKER PANCARI, VÝÞNE, KAVUN, KARPUZ, PATATES
Seydiþehir;KURAN;ÞEKER PANCARI, KAVUN, KARPUZ, PATATES
Seydiþehir;MADENLÝ;YOK
Seydiþehir;MESUDÝYE;ÇÝLEK, DOMATES
Seydiþehir;MURADÝYE;ÞEKER PANCARI
Seydiþehir;OÐLAKÇI;FASULYE, DOMATES, BÝBER
Seydiþehir;ORTAKARAÖREN;ÞEKER PANCARI, MISIR, ÇEREZLÝK KABAK
Seydiþehir;SARAYCIK;ELMA, KÝRAZ, DOMATES, BÝBER, PATATES
Seydiþehir;SUSUZ;ÞEKER PANCARI, FASULYE, ÞEFTALÝ
Seydiþehir;TARAÞÇI;DOMATES, SALATALIK
Seydiþehir;TAÞAÐIL;ÞEKER PANCARI, YONCA, FASULYE, PATATES
Seydiþehir;TEPECÝK;YOK
Seydiþehir;TOL;ÞEKER PANCARI, DOMATES, BÝBER, PATLICAN
Seydiþehir;UFACIK;YOK
Seydiþehir;YAYLACIK;ÇÝLEK
Seydiþehir;YENÝCE;DOMATES, PATATES
Taþkent;AFÞAR;KÝRAZ, ÜZÜM, CEVÝZ
Taþkent;BALCILAR;ELMA, KÝRAZ, ÇÝLEK, CEVÝZ
Taþkent;BOLAY;ELMA, KÝRAZ, ÜZÜM, ÇÝLEK, DOMATES, BÝBER
Taþkent;ÇETMÝ;ELMA, KÝRAZ, ÇÝLEK
Taþkent;KECÝMEN;KÝRAZ, ÜZÜM, ERÝK
Taþkent;KONGUL;KÝRAZ
Taþkent;SAZAK;KÝRAZ, CEVÝZ
Taþkent;ILICAPINAR;ELMA, KÝRAZ, ÜZÜM, ÇÝLEK, DOMATES, BÝBER, PATATES
Tuzlukçu;KONARI;YOK
Tuzlukçu;MEVLÜTLÜ;YOK
Tuzlukçu;KORAÞI;YOK
Tuzlukçu;ÇÖÐÜRLÜ;ÞEKER PANCARI, AYÇÝÇEÐÝ, HAÞHAÞ
Tuzlukçu;TURSUNLU;ÞEKER PANCARI
Tuzlukçu;KUNDULLU;YOK
Tuzlukçu;PAZARKAYA;YOK
Tuzlukçu;SUBATAN;ÞEKER PANCARI
Tuzlukçu;GÜRSU;ÞEKER PANCARI
Tuzlukçu;ERDOÐDU;ÞEKER PANCARI, MISIR, AYÇÝÇEÐÝ
Tuzlukçu;KÖKLÜCE;BUÐDAY, ARPA, MISIR
Yalýhüyük;SARAY;YOK
Yalýhüyük;ARASÖÐÜT;YOK
Yunak;KUZÖREN;ÞEKER PANCARI, MISIR, AYÇÝÇEÐÝ, HAÞHAÞ
Yunak;KOÇYAZI;BUÐDAY, ARPA, YONCA
Yunak;TURGUT;ÞEKER PANCARI, MISIR, AYÇÝÇEÐÝ, FASULYE
Yunak;PÝRÝBEYLÝ;YOK
Yunak;SÜLÜKLÜ;BUÐDAY, ARPA
Yunak;ALTINÖZ;ÞEKER PANCARI, AYÇÝÇEÐÝ, PATATES
Yunak;AYRITEPE;YOK
Yunak;BEÞIÞIKLI;BUÐDAY, KÝMYON
Yunak;CEBRAÝL;YOK
Yunak;ÇAYIRBAÞI;BUÐDAY, MISIR
Yunak;EÐRÝKUYU;ÞEKER PANCARI, MISIR, HAÞHAÞ
Yunak;HACIÖMEROÐLU;SOÐAN
Yunak;HATIRLI;BUÐDAY, FASULYE, PATATES
Yunak;HACIFAKILI;ÞEKER PANCARI, MISIR, PATATES
Yunak;HARUNLAR;YOK
Yunak;HURSUNLU;ÞEKER PANCARI, FASULYE
Yunak;ÝMAMOÐLU;ÞEKER PANCARI, AYÇÝÇEÐÝ, FASULYE
Yunak;KARGALI;YOK
Yunak;KARAYAYLA;ÞEKER PANCARI, MISIR, AYÇÝÇEÐÝ
Yunak;KILLAR;ÞEKER PANCARI, MISIR, AYÇÝÇEÐÝ
Yunak;KURTUÞAÐI;YOK
Yunak;KUYUBAÞI;ÞEKER PANCARI, MISIR
Yunak;MEÞELÝK;YOK
Yunak;ODABAÞI;BUÐDAY, ÞEKER PANCARI, MISIR, FASULYE
Yunak;ORTAKIÞLA;BUÐDAY, ARPA
Yunak;ÖZYAYLA;ÞEKER PANCARI, MISIR, AYÇÝÇEÐÝ
Yunak;SERTLER;ÞEKER PANCARI
Yunak;SEVÝNÇ;YOK
Yunak;SIRAM;YOK
Yunak;SÝNANLI;NOHUT, MERCÝMEK, FASULYE
Yunak;YAVAÞLI;ÞEKER PANCARI, MISIR, AYÇÝÇEÐÝ
Yunak;YEÞÝLOBA;ÞEKER PANCARI, MISIR, FASULYE, DOMATES
Yunak;YEÞÝLYAYLA;FASULYE
Yunak;YIÐAR;MISIR, AYÇÝÇEÐÝ
Yunak;SARAY;ÞEKER PANCARI, MISIR, DOMATES, BÝBER, PATATES
;;
